,Serial,Model,Target Timestamp,FAULT-10W,FAULT-9W,FAULT-8W,FAULT-7W,FAULT-6W,FAULT-5W,FAULT-4W,FAULT-3W,FAULT-2W,FAULT-1W,CLEANING-10W,CLEANING-9W,CLEANING-8W,CLEANING-7W,CLEANING-6W,CLEANING-5W,CLEANING-4W,CLEANING-3W,CLEANING-2W,CLEANING-1W,TARGET
0,1554481,model 20,2017-02-12 00:00:00,0.0,0.0,0.0,0.0,0.0,0.0,0.0,0.0,0.0,1578.0,0.0,0.0,0.0,0.0,0.0,0.0,0.0,0.0,0.0,0.0,387.0
1,1555490,model 13,2017-02-12 00:00:00,947.0,879.0,1161.0,484.0,137.0,414.0,1422.0,901.0,2026.0,1188.0,5.0,6.0,6.0,6.0,11.0,5.0,4.0,6.0,5.0,7.0,812.0
2,1558041,model 18,2017-02-12 00:00:00,0.0,0.0,0.0,0.0,0.0,0.0,0.0,0.0,0.0,0.0,0.0,0.0,0.0,0.0,0.0,0.0,0.0,0.0,0.0,0.0,0.0
3,1612713,model 18,2017-02-12 00:00:00,431.0,1.0,0.0,3.0,1.0,0.0,0.0,0.0,0.0,0.0,0.0,0.0,0.0,0.0,0.0,0.0,0.0,0.0,0.0,0.0,1.0
4,1625343,model 10,2017-02-12 00:00:00,0.0,0.0,0.0,1.0,0.0,0.0,0.0,0.0,0.0,0.0,0.0,0.0,0.0,0.0,0.0,0.0,0.0,0.0,0.0,0.0,0.0
5,1554481,model 20,2017-02-19 00:00:00,0.0,0.0,0.0,0.0,0.0,0.0,0.0,0.0,1578.0,387.0,0.0,0.0,0.0,0.0,0.0,0.0,0.0,0.0,0.0,0.0,116.0
6,1555490,model 13,2017-02-19 00:00:00,879.0,1161.0,484.0,137.0,414.0,1422.0,901.0,2026.0,1188.0,812.0,6.0,6.0,6.0,11.0,5.0,4.0,6.0,5.0,7.0,5.0,1020.0
7,1558041,model 18,2017-02-19 00:00:00,0.0,0.0,0.0,0.0,0.0,0.0,0.0,0.0,0.0,0.0,0.0,0.0,0.0,0.0,0.0,0.0,0.0,0.0,0.0,0.0,0.0
8,1612713,model 18,2017-02-19 00:00:00,1.0,0.0,3.0,1.0,0.0,0.0,0.0,0.0,0.0,1.0,0.0,0.0,0.0,0.0,0.0,0.0,0.0,0.0,0.0,0.0,0.0
9,1625343,model 10,2017-02-19 00:00:00,0.0,0.0,1.0,0.0,0.0,0.0,0.0,0.0,0.0,0.0,0.0,0.0,0.0,0.0,0.0,0.0,0.0,0.0,0.0,0.0,0.0
10,1554481,model 20,2017-02-26 00:00:00,0.0,0.0,0.0,0.0,0.0,0.0,0.0,1578.0,387.0,116.0,0.0,0.0,0.0,0.0,0.0,0.0,0.0,0.0,0.0,0.0,1774.0
11,1555490,model 13,2017-02-26 00:00:00,1161.0,484.0,137.0,414.0,1422.0,901.0,2026.0,1188.0,812.0,1020.0,6.0,6.0,11.0,5.0,4.0,6.0,5.0,7.0,5.0,6.0,2576.0
12,1558041,model 18,2017-02-26 00:00:00,0.0,0.0,0.0,0.0,0.0,0.0,0.0,0.0,0.0,0.0,0.0,0.0,0.0,0.0,0.0,0.0,0.0,0.0,0.0,0.0,0.0
13,1612713,model 18,2017-02-26 00:00:00,0.0,3.0,1.0,0.0,0.0,0.0,0.0,0.0,1.0,0.0,0.0,0.0,0.0,0.0,0.0,0.0,0.0,0.0,0.0,0.0,0.0
14,1625343,model 10,2017-02-26 00:00:00,0.0,1.0,0.0,0.0,0.0,0.0,0.0,0.0,0.0,0.0,0.0,0.0,0.0,0.0,0.0,0.0,0.0,0.0,0.0,0.0,0.0
15,1554481,model 20,2017-03-05 00:00:00,0.0,0.0,0.0,0.0,0.0,0.0,1578.0,387.0,116.0,1774.0,0.0,0.0,0.0,0.0,0.0,0.0,0.0,0.0,0.0,0.0,925.0
16,1555490,model 13,2017-03-05 00:00:00,484.0,137.0,414.0,1422.0,901.0,2026.0,1188.0,812.0,1020.0,2576.0,6.0,11.0,5.0,4.0,6.0,5.0,7.0,5.0,6.0,6.0,1216.0
17,1558041,model 18,2017-03-05 00:00:00,0.0,0.0,0.0,0.0,0.0,0.0,0.0,0.0,0.0,0.0,0.0,0.0,0.0,0.0,0.0,0.0,0.0,0.0,0.0,0.0,0.0
18,1612713,model 18,2017-03-05 00:00:00,3.0,1.0,0.0,0.0,0.0,0.0,0.0,1.0,0.0,0.0,0.0,0.0,0.0,0.0,0.0,0.0,0.0,0.0,0.0,0.0,1.0
19,1625343,model 10,2017-03-05 00:00:00,1.0,0.0,0.0,0.0,0.0,0.0,0.0,0.0,0.0,0.0,0.0,0.0,0.0,0.0,0.0,0.0,0.0,0.0,0.0,0.0,0.0
20,1554481,model 20,2017-03-12 00:00:00,0.0,0.0,0.0,0.0,0.0,1578.0,387.0,116.0,1774.0,925.0,0.0,0.0,0.0,0.0,0.0,0.0,0.0,0.0,0.0,0.0,0.0
21,1555490,model 13,2017-03-12 00:00:00,137.0,414.0,1422.0,901.0,2026.0,1188.0,812.0,1020.0,2576.0,1216.0,11.0,5.0,4.0,6.0,5.0,7.0,5.0,6.0,6.0,9.0,1212.0
22,1558041,model 18,2017-03-12 00:00:00,0.0,0.0,0.0,0.0,0.0,0.0,0.0,0.0,0.0,0.0,0.0,0.0,0.0,0.0,0.0,0.0,0.0,0.0,0.0,0.0,0.0
23,1612713,model 18,2017-03-12 00:00:00,1.0,0.0,0.0,0.0,0.0,0.0,1.0,0.0,0.0,1.0,0.0,0.0,0.0,0.0,0.0,0.0,0.0,0.0,0.0,0.0,3.0
24,1625343,model 10,2017-03-12 00:00:00,0.0,0.0,0.0,0.0,0.0,0.0,0.0,0.0,0.0,0.0,0.0,0.0,0.0,0.0,0.0,0.0,0.0,0.0,0.0,0.0,0.0
25,1554481,model 20,2017-03-19 00:00:00,0.0,0.0,0.0,0.0,1578.0,387.0,116.0,1774.0,925.0,0.0,0.0,0.0,0.0,0.0,0.0,0.0,0.0,0.0,0.0,0.0,0.0
26,1555490,model 13,2017-03-19 00:00:00,414.0,1422.0,901.0,2026.0,1188.0,812.0,1020.0,2576.0,1216.0,1212.0,5.0,4.0,6.0,5.0,7.0,5.0,6.0,6.0,9.0,9.0,941.0
27,1558041,model 18,2017-03-19 00:00:00,0.0,0.0,0.0,0.0,0.0,0.0,0.0,0.0,0.0,0.0,0.0,0.0,0.0,0.0,0.0,0.0,0.0,0.0,0.0,0.0,0.0
28,1612713,model 18,2017-03-19 00:00:00,0.0,0.0,0.0,0.0,0.0,1.0,0.0,0.0,1.0,3.0,0.0,0.0,0.0,0.0,0.0,0.0,0.0,0.0,0.0,0.0,0.0
29,1625343,model 10,2017-03-19 00:00:00,0.0,0.0,0.0,0.0,0.0,0.0,0.0,0.0,0.0,0.0,0.0,0.0,0.0,0.0,0.0,0.0,0.0,0.0,0.0,0.0,0.0
30,1554481,model 20,2017-03-26 00:00:00,0.0,0.0,0.0,1578.0,387.0,116.0,1774.0,925.0,0.0,0.0,0.0,0.0,0.0,0.0,0.0,0.0,0.0,0.0,0.0,0.0,0.0
31,1555490,model 13,2017-03-26 00:00:00,1422.0,901.0,2026.0,1188.0,812.0,1020.0,2576.0,1216.0,1212.0,941.0,4.0,6.0,5.0,7.0,5.0,6.0,6.0,9.0,9.0,4.0,0.0
32,1558041,model 18,2017-03-26 00:00:00,0.0,0.0,0.0,0.0,0.0,0.0,0.0,0.0,0.0,0.0,0.0,0.0,0.0,0.0,0.0,0.0,0.0,0.0,0.0,0.0,0.0
33,1612713,model 18,2017-03-26 00:00:00,0.0,0.0,0.0,0.0,1.0,0.0,0.0,1.0,3.0,0.0,0.0,0.0,0.0,0.0,0.0,0.0,0.0,0.0,0.0,0.0,0.0
34,1625343,model 10,2017-03-26 00:00:00,0.0,0.0,0.0,0.0,0.0,0.0,0.0,0.0,0.0,0.0,0.0,0.0,0.0,0.0,0.0,0.0,0.0,0.0,0.0,0.0,0.0
35,1554481,model 20,2017-04-02 00:00:00,0.0,0.0,1578.0,387.0,116.0,1774.0,925.0,0.0,0.0,0.0,0.0,0.0,0.0,0.0,0.0,0.0,0.0,0.0,0.0,0.0,744.0
36,1555490,model 13,2017-04-02 00:00:00,901.0,2026.0,1188.0,812.0,1020.0,2576.0,1216.0,1212.0,941.0,0.0,6.0,5.0,7.0,5.0,6.0,6.0,9.0,9.0,4.0,0.0,1255.0
37,1558041,model 18,2017-04-02 00:00:00,0.0,0.0,0.0,0.0,0.0,0.0,0.0,0.0,0.0,0.0,0.0,0.0,0.0,0.0,0.0,0.0,0.0,0.0,0.0,0.0,0.0
38,1612713,model 18,2017-04-02 00:00:00,0.0,0.0,0.0,1.0,0.0,0.0,1.0,3.0,0.0,0.0,0.0,0.0,0.0,0.0,0.0,0.0,0.0,0.0,0.0,0.0,0.0
39,1625343,model 10,2017-04-02 00:00:00,0.0,0.0,0.0,0.0,0.0,0.0,0.0,0.0,0.0,0.0,0.0,0.0,0.0,0.0,0.0,0.0,0.0,0.0,0.0,0.0,0.0
40,1554481,model 20,2017-04-09 00:00:00,0.0,1578.0,387.0,116.0,1774.0,925.0,0.0,0.0,0.0,744.0,0.0,0.0,0.0,0.0,0.0,0.0,0.0,0.0,0.0,0.0,0.0
41,1555490,model 13,2017-04-09 00:00:00,2026.0,1188.0,812.0,1020.0,2576.0,1216.0,1212.0,941.0,0.0,1255.0,5.0,7.0,5.0,6.0,6.0,9.0,9.0,4.0,0.0,6.0,2240.0
42,1558041,model 18,2017-04-09 00:00:00,0.0,0.0,0.0,0.0,0.0,0.0,0.0,0.0,0.0,0.0,0.0,0.0,0.0,0.0,0.0,0.0,0.0,0.0,0.0,0.0,0.0
43,1612713,model 18,2017-04-09 00:00:00,0.0,0.0,1.0,0.0,0.0,1.0,3.0,0.0,0.0,0.0,0.0,0.0,0.0,0.0,0.0,0.0,0.0,0.0,0.0,0.0,0.0
44,1625343,model 10,2017-04-09 00:00:00,0.0,0.0,0.0,0.0,0.0,0.0,0.0,0.0,0.0,0.0,0.0,0.0,0.0,0.0,0.0,0.0,0.0,0.0,0.0,0.0,0.0
45,1554481,model 20,2017-04-16 00:00:00,1578.0,387.0,116.0,1774.0,925.0,0.0,0.0,0.0,744.0,0.0,0.0,0.0,0.0,0.0,0.0,0.0,0.0,0.0,0.0,0.0,0.0
46,1555490,model 13,2017-04-16 00:00:00,1188.0,812.0,1020.0,2576.0,1216.0,1212.0,941.0,0.0,1255.0,2240.0,7.0,5.0,6.0,6.0,9.0,9.0,4.0,0.0,6.0,9.0,1185.0
47,1558041,model 18,2017-04-16 00:00:00,0.0,0.0,0.0,0.0,0.0,0.0,0.0,0.0,0.0,0.0,0.0,0.0,0.0,0.0,0.0,0.0,0.0,0.0,0.0,0.0,0.0
48,1612713,model 18,2017-04-16 00:00:00,0.0,1.0,0.0,0.0,1.0,3.0,0.0,0.0,0.0,0.0,0.0,0.0,0.0,0.0,0.0,0.0,0.0,0.0,0.0,0.0,0.0
49,1625343,model 10,2017-04-16 00:00:00,0.0,0.0,0.0,0.0,0.0,0.0,0.0,0.0,0.0,0.0,0.0,0.0,0.0,0.0,0.0,0.0,0.0,0.0,0.0,0.0,0.0
50,1554481,model 20,2017-04-23 00:00:00,387.0,116.0,1774.0,925.0,0.0,0.0,0.0,744.0,0.0,0.0,0.0,0.0,0.0,0.0,0.0,0.0,0.0,0.0,0.0,0.0,0.0
51,1555490,model 13,2017-04-23 00:00:00,812.0,1020.0,2576.0,1216.0,1212.0,941.0,0.0,1255.0,2240.0,1185.0,5.0,6.0,6.0,9.0,9.0,4.0,0.0,6.0,9.0,12.0,1445.0
52,1558041,model 18,2017-04-23 00:00:00,0.0,0.0,0.0,0.0,0.0,0.0,0.0,0.0,0.0,0.0,0.0,0.0,0.0,0.0,0.0,0.0,0.0,0.0,0.0,0.0,0.0
53,1612713,model 18,2017-04-23 00:00:00,1.0,0.0,0.0,1.0,3.0,0.0,0.0,0.0,0.0,0.0,0.0,0.0,0.0,0.0,0.0,0.0,0.0,0.0,0.0,0.0,0.0
54,1625343,model 10,2017-04-23 00:00:00,0.0,0.0,0.0,0.0,0.0,0.0,0.0,0.0,0.0,0.0,0.0,0.0,0.0,0.0,0.0,0.0,0.0,0.0,0.0,0.0,0.0
55,1554481,model 20,2017-04-30 00:00:00,116.0,1774.0,925.0,0.0,0.0,0.0,744.0,0.0,0.0,0.0,0.0,0.0,0.0,0.0,0.0,0.0,0.0,0.0,0.0,0.0,0.0
56,1555490,model 13,2017-04-30 00:00:00,1020.0,2576.0,1216.0,1212.0,941.0,0.0,1255.0,2240.0,1185.0,1445.0,6.0,6.0,9.0,9.0,4.0,0.0,6.0,9.0,12.0,9.0,1824.0
57,1558041,model 18,2017-04-30 00:00:00,0.0,0.0,0.0,0.0,0.0,0.0,0.0,0.0,0.0,0.0,0.0,0.0,0.0,0.0,0.0,0.0,0.0,0.0,0.0,0.0,0.0
58,1612713,model 18,2017-04-30 00:00:00,0.0,0.0,1.0,3.0,0.0,0.0,0.0,0.0,0.0,0.0,0.0,0.0,0.0,0.0,0.0,0.0,0.0,0.0,0.0,0.0,0.0
59,1625343,model 10,2017-04-30 00:00:00,0.0,0.0,0.0,0.0,0.0,0.0,0.0,0.0,0.0,0.0,0.0,0.0,0.0,0.0,0.0,0.0,0.0,0.0,0.0,0.0,0.0
60,1554481,model 20,2017-05-07 00:00:00,1774.0,925.0,0.0,0.0,0.0,744.0,0.0,0.0,0.0,0.0,0.0,0.0,0.0,0.0,0.0,0.0,0.0,0.0,0.0,0.0,7.0
61,1555490,model 13,2017-05-07 00:00:00,2576.0,1216.0,1212.0,941.0,0.0,1255.0,2240.0,1185.0,1445.0,1824.0,6.0,9.0,9.0,4.0,0.0,6.0,9.0,12.0,9.0,10.0,2436.0
62,1558041,model 18,2017-05-07 00:00:00,0.0,0.0,0.0,0.0,0.0,0.0,0.0,0.0,0.0,0.0,0.0,0.0,0.0,0.0,0.0,0.0,0.0,0.0,0.0,0.0,0.0
63,1612713,model 18,2017-05-07 00:00:00,0.0,1.0,3.0,0.0,0.0,0.0,0.0,0.0,0.0,0.0,0.0,0.0,0.0,0.0,0.0,0.0,0.0,0.0,0.0,0.0,0.0
64,1625343,model 10,2017-05-07 00:00:00,0.0,0.0,0.0,0.0,0.0,0.0,0.0,0.0,0.0,0.0,0.0,0.0,0.0,0.0,0.0,0.0,0.0,0.0,0.0,0.0,0.0
65,1554481,model 20,2017-05-14 00:00:00,925.0,0.0,0.0,0.0,744.0,0.0,0.0,0.0,0.0,7.0,0.0,0.0,0.0,0.0,0.0,0.0,0.0,0.0,0.0,0.0,831.0
66,1555490,model 13,2017-05-14 00:00:00,1216.0,1212.0,941.0,0.0,1255.0,2240.0,1185.0,1445.0,1824.0,2436.0,9.0,9.0,4.0,0.0,6.0,9.0,12.0,9.0,10.0,11.0,1238.0
67,1558041,model 18,2017-05-14 00:00:00,0.0,0.0,0.0,0.0,0.0,0.0,0.0,0.0,0.0,0.0,0.0,0.0,0.0,0.0,0.0,0.0,0.0,0.0,0.0,0.0,0.0
68,1612713,model 18,2017-05-14 00:00:00,1.0,3.0,0.0,0.0,0.0,0.0,0.0,0.0,0.0,0.0,0.0,0.0,0.0,0.0,0.0,0.0,0.0,0.0,0.0,0.0,0.0
69,1625343,model 10,2017-05-14 00:00:00,0.0,0.0,0.0,0.0,0.0,0.0,0.0,0.0,0.0,0.0,0.0,0.0,0.0,0.0,0.0,0.0,0.0,0.0,0.0,0.0,0.0
70,1554481,model 20,2017-05-21 00:00:00,0.0,0.0,0.0,744.0,0.0,0.0,0.0,0.0,7.0,831.0,0.0,0.0,0.0,0.0,0.0,0.0,0.0,0.0,0.0,0.0,416.0
71,1555490,model 13,2017-05-21 00:00:00,1212.0,941.0,0.0,1255.0,2240.0,1185.0,1445.0,1824.0,2436.0,1238.0,9.0,4.0,0.0,6.0,9.0,12.0,9.0,10.0,11.0,9.0,546.0
72,1558041,model 18,2017-05-21 00:00:00,0.0,0.0,0.0,0.0,0.0,0.0,0.0,0.0,0.0,0.0,0.0,0.0,0.0,0.0,0.0,0.0,0.0,0.0,0.0,0.0,0.0
73,1612713,model 18,2017-05-21 00:00:00,3.0,0.0,0.0,0.0,0.0,0.0,0.0,0.0,0.0,0.0,0.0,0.0,0.0,0.0,0.0,0.0,0.0,0.0,0.0,0.0,0.0
74,1625343,model 10,2017-05-21 00:00:00,0.0,0.0,0.0,0.0,0.0,0.0,0.0,0.0,0.0,0.0,0.0,0.0,0.0,0.0,0.0,0.0,0.0,0.0,0.0,0.0,0.0
75,1554481,model 20,2017-05-28 00:00:00,0.0,0.0,744.0,0.0,0.0,0.0,0.0,7.0,831.0,416.0,0.0,0.0,0.0,0.0,0.0,0.0,0.0,0.0,0.0,0.0,0.0
76,1555490,model 13,2017-05-28 00:00:00,941.0,0.0,1255.0,2240.0,1185.0,1445.0,1824.0,2436.0,1238.0,546.0,4.0,0.0,6.0,9.0,12.0,9.0,10.0,11.0,9.0,9.0,1146.0
77,1558041,model 18,2017-05-28 00:00:00,0.0,0.0,0.0,0.0,0.0,0.0,0.0,0.0,0.0,0.0,0.0,0.0,0.0,0.0,0.0,0.0,0.0,0.0,0.0,0.0,0.0
78,1612713,model 18,2017-05-28 00:00:00,0.0,0.0,0.0,0.0,0.0,0.0,0.0,0.0,0.0,0.0,0.0,0.0,0.0,0.0,0.0,0.0,0.0,0.0,0.0,0.0,1.0
79,1625343,model 10,2017-05-28 00:00:00,0.0,0.0,0.0,0.0,0.0,0.0,0.0,0.0,0.0,0.0,0.0,0.0,0.0,0.0,0.0,0.0,0.0,0.0,0.0,0.0,0.0
80,1554481,model 20,2017-06-04 00:00:00,0.0,744.0,0.0,0.0,0.0,0.0,7.0,831.0,416.0,0.0,0.0,0.0,0.0,0.0,0.0,0.0,0.0,0.0,0.0,0.0,0.0
81,1555490,model 13,2017-06-04 00:00:00,0.0,1255.0,2240.0,1185.0,1445.0,1824.0,2436.0,1238.0,546.0,1146.0,0.0,6.0,9.0,12.0,9.0,10.0,11.0,9.0,9.0,9.0,814.0
82,1558041,model 18,2017-06-04 00:00:00,0.0,0.0,0.0,0.0,0.0,0.0,0.0,0.0,0.0,0.0,0.0,0.0,0.0,0.0,0.0,0.0,0.0,0.0,0.0,0.0,0.0
83,1612713,model 18,2017-06-04 00:00:00,0.0,0.0,0.0,0.0,0.0,0.0,0.0,0.0,0.0,1.0,0.0,0.0,0.0,0.0,0.0,0.0,0.0,0.0,0.0,0.0,0.0
84,1625343,model 10,2017-06-04 00:00:00,0.0,0.0,0.0,0.0,0.0,0.0,0.0,0.0,0.0,0.0,0.0,0.0,0.0,0.0,0.0,0.0,0.0,0.0,0.0,0.0,0.0
85,1554481,model 20,2017-06-11 00:00:00,744.0,0.0,0.0,0.0,0.0,7.0,831.0,416.0,0.0,0.0,0.0,0.0,0.0,0.0,0.0,0.0,0.0,0.0,0.0,0.0,0.0
86,1555490,model 13,2017-06-11 00:00:00,1255.0,2240.0,1185.0,1445.0,1824.0,2436.0,1238.0,546.0,1146.0,814.0,6.0,9.0,12.0,9.0,10.0,11.0,9.0,9.0,9.0,10.0,783.0
87,1558041,model 18,2017-06-11 00:00:00,0.0,0.0,0.0,0.0,0.0,0.0,0.0,0.0,0.0,0.0,0.0,0.0,0.0,0.0,0.0,0.0,0.0,0.0,0.0,0.0,0.0
88,1612713,model 18,2017-06-11 00:00:00,0.0,0.0,0.0,0.0,0.0,0.0,0.0,0.0,1.0,0.0,0.0,0.0,0.0,0.0,0.0,0.0,0.0,0.0,0.0,0.0,0.0
89,1625343,model 10,2017-06-11 00:00:00,0.0,0.0,0.0,0.0,0.0,0.0,0.0,0.0,0.0,0.0,0.0,0.0,0.0,0.0,0.0,0.0,0.0,0.0,0.0,0.0,0.0
90,1554481,model 20,2017-06-18 00:00:00,0.0,0.0,0.0,0.0,7.0,831.0,416.0,0.0,0.0,0.0,0.0,0.0,0.0,0.0,0.0,0.0,0.0,0.0,0.0,0.0,0.0
91,1555490,model 13,2017-06-18 00:00:00,2240.0,1185.0,1445.0,1824.0,2436.0,1238.0,546.0,1146.0,814.0,783.0,9.0,12.0,9.0,10.0,11.0,9.0,9.0,9.0,10.0,5.0,211.0
92,1558041,model 18,2017-06-18 00:00:00,0.0,0.0,0.0,0.0,0.0,0.0,0.0,0.0,0.0,0.0,0.0,0.0,0.0,0.0,0.0,0.0,0.0,0.0,0.0,0.0,0.0
93,1612713,model 18,2017-06-18 00:00:00,0.0,0.0,0.0,0.0,0.0,0.0,0.0,1.0,0.0,0.0,0.0,0.0,0.0,0.0,0.0,0.0,0.0,0.0,0.0,0.0,0.0
94,1625343,model 10,2017-06-18 00:00:00,0.0,0.0,0.0,0.0,0.0,0.0,0.0,0.0,0.0,0.0,0.0,0.0,0.0,0.0,0.0,0.0,0.0,0.0,0.0,0.0,0.0
95,1554481,model 20,2017-06-25 00:00:00,0.0,0.0,0.0,7.0,831.0,416.0,0.0,0.0,0.0,0.0,0.0,0.0,0.0,0.0,0.0,0.0,0.0,0.0,0.0,0.0,0.0
96,1555490,model 13,2017-06-25 00:00:00,1185.0,1445.0,1824.0,2436.0,1238.0,546.0,1146.0,814.0,783.0,211.0,12.0,9.0,10.0,11.0,9.0,9.0,9.0,10.0,5.0,1.0,3.0
97,1558041,model 18,2017-06-25 00:00:00,0.0,0.0,0.0,0.0,0.0,0.0,0.0,0.0,0.0,0.0,0.0,0.0,0.0,0.0,0.0,0.0,0.0,0.0,0.0,0.0,0.0
98,1612713,model 18,2017-06-25 00:00:00,0.0,0.0,0.0,0.0,0.0,0.0,1.0,0.0,0.0,0.0,0.0,0.0,0.0,0.0,0.0,0.0,0.0,0.0,0.0,0.0,23.0
99,1625343,model 10,2017-06-25 00:00:00,0.0,0.0,0.0,0.0,0.0,0.0,0.0,0.0,0.0,0.0,0.0,0.0,0.0,0.0,0.0,0.0,0.0,0.0,0.0,0.0,0.0
100,1554481,model 20,2017-07-02 00:00:00,0.0,0.0,7.0,831.0,416.0,0.0,0.0,0.0,0.0,0.0,0.0,0.0,0.0,0.0,0.0,0.0,0.0,0.0,0.0,0.0,0.0
101,1555490,model 13,2017-07-02 00:00:00,1445.0,1824.0,2436.0,1238.0,546.0,1146.0,814.0,783.0,211.0,3.0,9.0,10.0,11.0,9.0,9.0,9.0,10.0,5.0,1.0,4.0,1.0
102,1558041,model 18,2017-07-02 00:00:00,0.0,0.0,0.0,0.0,0.0,0.0,0.0,0.0,0.0,0.0,0.0,0.0,0.0,0.0,0.0,0.0,0.0,0.0,0.0,0.0,0.0
103,1612713,model 18,2017-07-02 00:00:00,0.0,0.0,0.0,0.0,0.0,1.0,0.0,0.0,0.0,23.0,0.0,0.0,0.0,0.0,0.0,0.0,0.0,0.0,0.0,0.0,0.0
104,1625343,model 10,2017-07-02 00:00:00,0.0,0.0,0.0,0.0,0.0,0.0,0.0,0.0,0.0,0.0,0.0,0.0,0.0,0.0,0.0,0.0,0.0,0.0,0.0,0.0,0.0
105,1554481,model 20,2017-07-09 00:00:00,0.0,7.0,831.0,416.0,0.0,0.0,0.0,0.0,0.0,0.0,0.0,0.0,0.0,0.0,0.0,0.0,0.0,0.0,0.0,0.0,0.0
106,1555490,model 13,2017-07-09 00:00:00,1824.0,2436.0,1238.0,546.0,1146.0,814.0,783.0,211.0,3.0,1.0,10.0,11.0,9.0,9.0,9.0,10.0,5.0,1.0,4.0,3.0,3.0
107,1558041,model 18,2017-07-09 00:00:00,0.0,0.0,0.0,0.0,0.0,0.0,0.0,0.0,0.0,0.0,0.0,0.0,0.0,0.0,0.0,0.0,0.0,0.0,0.0,0.0,0.0
108,1612713,model 18,2017-07-09 00:00:00,0.0,0.0,0.0,0.0,1.0,0.0,0.0,0.0,23.0,0.0,0.0,0.0,0.0,0.0,0.0,0.0,0.0,0.0,0.0,22.0,0.0
109,1625343,model 10,2017-07-09 00:00:00,0.0,0.0,0.0,0.0,0.0,0.0,0.0,0.0,0.0,0.0,0.0,0.0,0.0,0.0,0.0,0.0,0.0,0.0,0.0,0.0,0.0
110,1554481,model 20,2017-07-16 00:00:00,7.0,831.0,416.0,0.0,0.0,0.0,0.0,0.0,0.0,0.0,0.0,0.0,0.0,0.0,0.0,0.0,0.0,0.0,0.0,0.0,0.0
111,1555490,model 13,2017-07-16 00:00:00,2436.0,1238.0,546.0,1146.0,814.0,783.0,211.0,3.0,1.0,3.0,11.0,9.0,9.0,9.0,10.0,5.0,1.0,4.0,3.0,2.0,6.0
112,1558041,model 18,2017-07-16 00:00:00,0.0,0.0,0.0,0.0,0.0,0.0,0.0,0.0,0.0,0.0,0.0,0.0,0.0,0.0,0.0,0.0,0.0,0.0,0.0,42.0,0.0
113,1612713,model 18,2017-07-16 00:00:00,0.0,0.0,0.0,1.0,0.0,0.0,0.0,23.0,0.0,0.0,0.0,0.0,0.0,0.0,0.0,0.0,0.0,0.0,22.0,4.0,0.0
114,1625343,model 10,2017-07-16 00:00:00,0.0,0.0,0.0,0.0,0.0,0.0,0.0,0.0,0.0,0.0,0.0,0.0,0.0,0.0,0.0,0.0,0.0,0.0,0.0,0.0,0.0
115,1554481,model 20,2017-07-23 00:00:00,831.0,416.0,0.0,0.0,0.0,0.0,0.0,0.0,0.0,0.0,0.0,0.0,0.0,0.0,0.0,0.0,0.0,0.0,0.0,0.0,0.0
116,1555490,model 13,2017-07-23 00:00:00,1238.0,546.0,1146.0,814.0,783.0,211.0,3.0,1.0,3.0,6.0,9.0,9.0,9.0,10.0,5.0,1.0,4.0,3.0,2.0,2.0,0.0
117,1558041,model 18,2017-07-23 00:00:00,0.0,0.0,0.0,0.0,0.0,0.0,0.0,0.0,0.0,0.0,0.0,0.0,0.0,0.0,0.0,0.0,0.0,0.0,42.0,351.0,0.0
118,1612713,model 18,2017-07-23 00:00:00,0.0,0.0,1.0,0.0,0.0,0.0,23.0,0.0,0.0,0.0,0.0,0.0,0.0,0.0,0.0,0.0,0.0,22.0,4.0,4.0,0.0
119,1625343,model 10,2017-07-23 00:00:00,0.0,0.0,0.0,0.0,0.0,0.0,0.0,0.0,0.0,0.0,0.0,0.0,0.0,0.0,0.0,0.0,0.0,0.0,0.0,0.0,0.0
120,1554481,model 20,2017-07-30 00:00:00,416.0,0.0,0.0,0.0,0.0,0.0,0.0,0.0,0.0,0.0,0.0,0.0,0.0,0.0,0.0,0.0,0.0,0.0,0.0,0.0,0.0
121,1555490,model 13,2017-07-30 00:00:00,546.0,1146.0,814.0,783.0,211.0,3.0,1.0,3.0,6.0,0.0,9.0,9.0,10.0,5.0,1.0,4.0,3.0,2.0,2.0,3.0,2.0
122,1558041,model 18,2017-07-30 00:00:00,0.0,0.0,0.0,0.0,0.0,0.0,0.0,0.0,0.0,0.0,0.0,0.0,0.0,0.0,0.0,0.0,0.0,42.0,351.0,2.0,22.0
123,1612713,model 18,2017-07-30 00:00:00,0.0,1.0,0.0,0.0,0.0,23.0,0.0,0.0,0.0,0.0,0.0,0.0,0.0,0.0,0.0,0.0,22.0,4.0,4.0,187.0,0.0
124,1625343,model 10,2017-07-30 00:00:00,0.0,0.0,0.0,0.0,0.0,0.0,0.0,0.0,0.0,0.0,0.0,0.0,0.0,0.0,0.0,0.0,0.0,0.0,0.0,0.0,67.0
125,1554481,model 20,2017-08-06 00:00:00,0.0,0.0,0.0,0.0,0.0,0.0,0.0,0.0,0.0,0.0,0.0,0.0,0.0,0.0,0.0,0.0,0.0,0.0,0.0,0.0,0.0
126,1555490,model 13,2017-08-06 00:00:00,1146.0,814.0,783.0,211.0,3.0,1.0,3.0,6.0,0.0,2.0,9.0,10.0,5.0,1.0,4.0,3.0,2.0,2.0,3.0,6.0,0.0
127,1558041,model 18,2017-08-06 00:00:00,0.0,0.0,0.0,0.0,0.0,0.0,0.0,0.0,0.0,22.0,0.0,0.0,0.0,0.0,0.0,0.0,42.0,351.0,2.0,0.0,15.0
128,1612713,model 18,2017-08-06 00:00:00,1.0,0.0,0.0,0.0,23.0,0.0,0.0,0.0,0.0,0.0,0.0,0.0,0.0,0.0,0.0,22.0,4.0,4.0,187.0,3.0,0.0
129,1625343,model 10,2017-08-06 00:00:00,0.0,0.0,0.0,0.0,0.0,0.0,0.0,0.0,0.0,67.0,0.0,0.0,0.0,0.0,0.0,0.0,0.0,0.0,0.0,5.0,507.0
130,1554481,model 20,2017-08-13 00:00:00,0.0,0.0,0.0,0.0,0.0,0.0,0.0,0.0,0.0,0.0,0.0,0.0,0.0,0.0,0.0,0.0,0.0,0.0,0.0,0.0,0.0
131,1555490,model 13,2017-08-13 00:00:00,814.0,783.0,211.0,3.0,1.0,3.0,6.0,0.0,2.0,0.0,10.0,5.0,1.0,4.0,3.0,2.0,2.0,3.0,6.0,8.0,5.0
132,1558041,model 18,2017-08-13 00:00:00,0.0,0.0,0.0,0.0,0.0,0.0,0.0,0.0,22.0,15.0,0.0,0.0,0.0,0.0,0.0,42.0,351.0,2.0,0.0,216.0,0.0
133,1612713,model 18,2017-08-13 00:00:00,0.0,0.0,0.0,23.0,0.0,0.0,0.0,0.0,0.0,0.0,0.0,0.0,0.0,0.0,22.0,4.0,4.0,187.0,3.0,538.0,4.0
134,1625343,model 10,2017-08-13 00:00:00,0.0,0.0,0.0,0.0,0.0,0.0,0.0,0.0,67.0,507.0,0.0,0.0,0.0,0.0,0.0,0.0,0.0,0.0,5.0,2.0,403.0
135,1554481,model 20,2017-08-20 00:00:00,0.0,0.0,0.0,0.0,0.0,0.0,0.0,0.0,0.0,0.0,0.0,0.0,0.0,0.0,0.0,0.0,0.0,0.0,0.0,0.0,0.0
136,1555490,model 13,2017-08-20 00:00:00,783.0,211.0,3.0,1.0,3.0,6.0,0.0,2.0,0.0,5.0,5.0,1.0,4.0,3.0,2.0,2.0,3.0,6.0,8.0,5.0,3.0
137,1558041,model 18,2017-08-20 00:00:00,0.0,0.0,0.0,0.0,0.0,0.0,0.0,22.0,15.0,0.0,0.0,0.0,0.0,0.0,42.0,351.0,2.0,0.0,216.0,252.0,1.0
138,1612713,model 18,2017-08-20 00:00:00,0.0,0.0,23.0,0.0,0.0,0.0,0.0,0.0,0.0,4.0,0.0,0.0,0.0,22.0,4.0,4.0,187.0,3.0,538.0,304.0,0.0
139,1625343,model 10,2017-08-20 00:00:00,0.0,0.0,0.0,0.0,0.0,0.0,0.0,67.0,507.0,403.0,0.0,0.0,0.0,0.0,0.0,0.0,0.0,5.0,2.0,2.0,373.0
140,1554481,model 20,2017-08-27 00:00:00,0.0,0.0,0.0,0.0,0.0,0.0,0.0,0.0,0.0,0.0,0.0,0.0,0.0,0.0,0.0,0.0,0.0,0.0,0.0,0.0,0.0
141,1555490,model 13,2017-08-27 00:00:00,211.0,3.0,1.0,3.0,6.0,0.0,2.0,0.0,5.0,3.0,1.0,4.0,3.0,2.0,2.0,3.0,6.0,8.0,5.0,8.0,2.0
142,1558041,model 18,2017-08-27 00:00:00,0.0,0.0,0.0,0.0,0.0,0.0,22.0,15.0,0.0,1.0,0.0,0.0,0.0,42.0,351.0,2.0,0.0,216.0,252.0,300.0,1.0
143,1612713,model 18,2017-08-27 00:00:00,0.0,23.0,0.0,0.0,0.0,0.0,0.0,0.0,4.0,0.0,0.0,0.0,22.0,4.0,4.0,187.0,3.0,538.0,304.0,4.0,0.0
144,1625343,model 10,2017-08-27 00:00:00,0.0,0.0,0.0,0.0,0.0,0.0,67.0,507.0,403.0,373.0,0.0,0.0,0.0,0.0,0.0,0.0,5.0,2.0,2.0,0.0,229.0
145,1554481,model 20,2017-09-03 00:00:00,0.0,0.0,0.0,0.0,0.0,0.0,0.0,0.0,0.0,0.0,0.0,0.0,0.0,0.0,0.0,0.0,0.0,0.0,0.0,0.0,0.0
146,1555490,model 13,2017-09-03 00:00:00,3.0,1.0,3.0,6.0,0.0,2.0,0.0,5.0,3.0,2.0,4.0,3.0,2.0,2.0,3.0,6.0,8.0,5.0,8.0,9.0,2.0
147,1558041,model 18,2017-09-03 00:00:00,0.0,0.0,0.0,0.0,0.0,22.0,15.0,0.0,1.0,1.0,0.0,0.0,42.0,351.0,2.0,0.0,216.0,252.0,300.0,647.0,2.0
148,1612713,model 18,2017-09-03 00:00:00,23.0,0.0,0.0,0.0,0.0,0.0,0.0,4.0,0.0,0.0,0.0,22.0,4.0,4.0,187.0,3.0,538.0,304.0,4.0,331.0,2.0
149,1625343,model 10,2017-09-03 00:00:00,0.0,0.0,0.0,0.0,0.0,67.0,507.0,403.0,373.0,229.0,0.0,0.0,0.0,0.0,0.0,5.0,2.0,2.0,0.0,2.0,328.0
150,1554481,model 20,2017-09-10 00:00:00,0.0,0.0,0.0,0.0,0.0,0.0,0.0,0.0,0.0,0.0,0.0,0.0,0.0,0.0,0.0,0.0,0.0,0.0,0.0,0.0,0.0
151,1555490,model 13,2017-09-10 00:00:00,1.0,3.0,6.0,0.0,2.0,0.0,5.0,3.0,2.0,2.0,3.0,2.0,2.0,3.0,6.0,8.0,5.0,8.0,9.0,12.0,3.0
152,1558041,model 18,2017-09-10 00:00:00,0.0,0.0,0.0,0.0,22.0,15.0,0.0,1.0,1.0,2.0,0.0,42.0,351.0,2.0,0.0,216.0,252.0,300.0,647.0,363.0,0.0
153,1612713,model 18,2017-09-10 00:00:00,0.0,0.0,0.0,0.0,0.0,0.0,4.0,0.0,0.0,2.0,22.0,4.0,4.0,187.0,3.0,538.0,304.0,4.0,331.0,3.0,0.0
154,1625343,model 10,2017-09-10 00:00:00,0.0,0.0,0.0,0.0,67.0,507.0,403.0,373.0,229.0,328.0,0.0,0.0,0.0,0.0,5.0,2.0,2.0,0.0,2.0,1.0,325.0
155,1554481,model 20,2017-09-17 00:00:00,0.0,0.0,0.0,0.0,0.0,0.0,0.0,0.0,0.0,0.0,0.0,0.0,0.0,0.0,0.0,0.0,0.0,0.0,0.0,0.0,398.0
156,1555490,model 13,2017-09-17 00:00:00,3.0,6.0,0.0,2.0,0.0,5.0,3.0,2.0,2.0,3.0,2.0,2.0,3.0,6.0,8.0,5.0,8.0,9.0,12.0,7.0,0.0
157,1558041,model 18,2017-09-17 00:00:00,0.0,0.0,0.0,22.0,15.0,0.0,1.0,1.0,2.0,0.0,42.0,351.0,2.0,0.0,216.0,252.0,300.0,647.0,363.0,775.0,0.0
158,1612713,model 18,2017-09-17 00:00:00,0.0,0.0,0.0,0.0,0.0,4.0,0.0,0.0,2.0,0.0,4.0,4.0,187.0,3.0,538.0,304.0,4.0,331.0,3.0,1074.0,0.0
159,1625343,model 10,2017-09-17 00:00:00,0.0,0.0,0.0,67.0,507.0,403.0,373.0,229.0,328.0,325.0,0.0,0.0,0.0,5.0,2.0,2.0,0.0,2.0,1.0,1.0,316.0
160,1554481,model 20,2017-09-24 00:00:00,0.0,0.0,0.0,0.0,0.0,0.0,0.0,0.0,0.0,398.0,0.0,0.0,0.0,0.0,0.0,0.0,0.0,0.0,0.0,0.0,1138.0
161,1555490,model 13,2017-09-24 00:00:00,6.0,0.0,2.0,0.0,5.0,3.0,2.0,2.0,3.0,0.0,2.0,3.0,6.0,8.0,5.0,8.0,9.0,12.0,7.0,9.0,3.0
162,1558041,model 18,2017-09-24 00:00:00,0.0,0.0,22.0,15.0,0.0,1.0,1.0,2.0,0.0,0.0,351.0,2.0,0.0,216.0,252.0,300.0,647.0,363.0,775.0,1643.0,0.0
163,1612713,model 18,2017-09-24 00:00:00,0.0,0.0,0.0,0.0,4.0,0.0,0.0,2.0,0.0,0.0,4.0,187.0,3.0,538.0,304.0,4.0,331.0,3.0,1074.0,370.0,1.0
164,1625343,model 10,2017-09-24 00:00:00,0.0,0.0,67.0,507.0,403.0,373.0,229.0,328.0,325.0,316.0,0.0,0.0,5.0,2.0,2.0,0.0,2.0,1.0,1.0,0.0,397.0
165,1554481,model 20,2017-10-01 00:00:00,0.0,0.0,0.0,0.0,0.0,0.0,0.0,0.0,398.0,1138.0,0.0,0.0,0.0,0.0,0.0,0.0,0.0,0.0,0.0,0.0,1057.0
166,1555490,model 13,2017-10-01 00:00:00,0.0,2.0,0.0,5.0,3.0,2.0,2.0,3.0,0.0,3.0,3.0,6.0,8.0,5.0,8.0,9.0,12.0,7.0,9.0,9.0,1.0
167,1558041,model 18,2017-10-01 00:00:00,0.0,22.0,15.0,0.0,1.0,1.0,2.0,0.0,0.0,0.0,2.0,0.0,216.0,252.0,300.0,647.0,363.0,775.0,1643.0,1282.0,1.0
168,1612713,model 18,2017-10-01 00:00:00,0.0,0.0,0.0,4.0,0.0,0.0,2.0,0.0,0.0,1.0,187.0,3.0,538.0,304.0,4.0,331.0,3.0,1074.0,370.0,851.0,0.0
169,1625343,model 10,2017-10-01 00:00:00,0.0,67.0,507.0,403.0,373.0,229.0,328.0,325.0,316.0,397.0,0.0,5.0,2.0,2.0,0.0,2.0,1.0,1.0,0.0,1.0,340.0
170,1554481,model 20,2017-10-08 00:00:00,0.0,0.0,0.0,0.0,0.0,0.0,0.0,398.0,1138.0,1057.0,0.0,0.0,0.0,0.0,0.0,0.0,0.0,0.0,0.0,0.0,1019.0
171,1555490,model 13,2017-10-08 00:00:00,2.0,0.0,5.0,3.0,2.0,2.0,3.0,0.0,3.0,1.0,6.0,8.0,5.0,8.0,9.0,12.0,7.0,9.0,9.0,8.0,2.0
172,1558041,model 18,2017-10-08 00:00:00,22.0,15.0,0.0,1.0,1.0,2.0,0.0,0.0,0.0,1.0,0.0,216.0,252.0,300.0,647.0,363.0,775.0,1643.0,1282.0,415.0,0.0
173,1612713,model 18,2017-10-08 00:00:00,0.0,0.0,4.0,0.0,0.0,2.0,0.0,0.0,1.0,0.0,3.0,538.0,304.0,4.0,331.0,3.0,1074.0,370.0,851.0,394.0,2.0
174,1625343,model 10,2017-10-08 00:00:00,67.0,507.0,403.0,373.0,229.0,328.0,325.0,316.0,397.0,340.0,5.0,2.0,2.0,0.0,2.0,1.0,1.0,0.0,1.0,0.0,383.0
175,1554481,model 20,2017-10-15 00:00:00,0.0,0.0,0.0,0.0,0.0,0.0,398.0,1138.0,1057.0,1019.0,0.0,0.0,0.0,0.0,0.0,0.0,0.0,0.0,0.0,0.0,1129.0
176,1555490,model 13,2017-10-15 00:00:00,0.0,5.0,3.0,2.0,2.0,3.0,0.0,3.0,1.0,2.0,8.0,5.0,8.0,9.0,12.0,7.0,9.0,9.0,8.0,10.0,0.0
177,1558041,model 18,2017-10-15 00:00:00,15.0,0.0,1.0,1.0,2.0,0.0,0.0,0.0,1.0,0.0,216.0,252.0,300.0,647.0,363.0,775.0,1643.0,1282.0,415.0,5.0,0.0
178,1612713,model 18,2017-10-15 00:00:00,0.0,4.0,0.0,0.0,2.0,0.0,0.0,1.0,0.0,2.0,538.0,304.0,4.0,331.0,3.0,1074.0,370.0,851.0,394.0,771.0,2.0
179,1625343,model 10,2017-10-15 00:00:00,507.0,403.0,373.0,229.0,328.0,325.0,316.0,397.0,340.0,383.0,2.0,2.0,0.0,2.0,1.0,1.0,0.0,1.0,0.0,0.0,397.0
180,1554481,model 20,2017-10-22 00:00:00,0.0,0.0,0.0,0.0,0.0,398.0,1138.0,1057.0,1019.0,1129.0,0.0,0.0,0.0,0.0,0.0,0.0,0.0,0.0,0.0,0.0,1104.0
181,1555490,model 13,2017-10-22 00:00:00,5.0,3.0,2.0,2.0,3.0,0.0,3.0,1.0,2.0,0.0,5.0,8.0,9.0,12.0,7.0,9.0,9.0,8.0,10.0,10.0,6.0
182,1558041,model 18,2017-10-22 00:00:00,0.0,1.0,1.0,2.0,0.0,0.0,0.0,1.0,0.0,0.0,252.0,300.0,647.0,363.0,775.0,1643.0,1282.0,415.0,5.0,445.0,0.0
183,1612713,model 18,2017-10-22 00:00:00,4.0,0.0,0.0,2.0,0.0,0.0,1.0,0.0,2.0,2.0,304.0,4.0,331.0,3.0,1074.0,370.0,851.0,394.0,771.0,402.0,2.0
184,1625343,model 10,2017-10-22 00:00:00,403.0,373.0,229.0,328.0,325.0,316.0,397.0,340.0,383.0,397.0,2.0,0.0,2.0,1.0,1.0,0.0,1.0,0.0,0.0,0.0,450.0
185,1554481,model 20,2017-10-29 00:00:00,0.0,0.0,0.0,0.0,398.0,1138.0,1057.0,1019.0,1129.0,1104.0,0.0,0.0,0.0,0.0,0.0,0.0,0.0,0.0,0.0,0.0,1130.0
186,1555490,model 13,2017-10-29 00:00:00,3.0,2.0,2.0,3.0,0.0,3.0,1.0,2.0,0.0,6.0,8.0,9.0,12.0,7.0,9.0,9.0,8.0,10.0,10.0,10.0,2.0
187,1558041,model 18,2017-10-29 00:00:00,1.0,1.0,2.0,0.0,0.0,0.0,1.0,0.0,0.0,0.0,300.0,647.0,363.0,775.0,1643.0,1282.0,415.0,5.0,445.0,439.0,0.0
188,1612713,model 18,2017-10-29 00:00:00,0.0,0.0,2.0,0.0,0.0,1.0,0.0,2.0,2.0,2.0,4.0,331.0,3.0,1074.0,370.0,851.0,394.0,771.0,402.0,1134.0,2.0
189,1625343,model 10,2017-10-29 00:00:00,373.0,229.0,328.0,325.0,316.0,397.0,340.0,383.0,397.0,450.0,0.0,2.0,1.0,1.0,0.0,1.0,0.0,0.0,0.0,1.0,502.0
190,1554481,model 20,2017-11-05 00:00:00,0.0,0.0,0.0,398.0,1138.0,1057.0,1019.0,1129.0,1104.0,1130.0,0.0,0.0,0.0,0.0,0.0,0.0,0.0,0.0,0.0,0.0,1117.0
191,1555490,model 13,2017-11-05 00:00:00,2.0,2.0,3.0,0.0,3.0,1.0,2.0,0.0,6.0,2.0,9.0,12.0,7.0,9.0,9.0,8.0,10.0,10.0,10.0,10.0,1.0
192,1558041,model 18,2017-11-05 00:00:00,1.0,2.0,0.0,0.0,0.0,1.0,0.0,0.0,0.0,0.0,647.0,363.0,775.0,1643.0,1282.0,415.0,5.0,445.0,439.0,4.0,3.0
193,1612713,model 18,2017-11-05 00:00:00,0.0,2.0,0.0,0.0,1.0,0.0,2.0,2.0,2.0,2.0,331.0,3.0,1074.0,370.0,851.0,394.0,771.0,402.0,1134.0,1593.0,1.0
194,1625343,model 10,2017-11-05 00:00:00,229.0,328.0,325.0,316.0,397.0,340.0,383.0,397.0,450.0,502.0,2.0,1.0,1.0,0.0,1.0,0.0,0.0,0.0,1.0,1.0,418.0
195,1554481,model 20,2017-11-12 00:00:00,0.0,0.0,398.0,1138.0,1057.0,1019.0,1129.0,1104.0,1130.0,1117.0,0.0,0.0,0.0,0.0,0.0,0.0,0.0,0.0,0.0,0.0,42.0
196,1555490,model 13,2017-11-12 00:00:00,2.0,3.0,0.0,3.0,1.0,2.0,0.0,6.0,2.0,1.0,12.0,7.0,9.0,9.0,8.0,10.0,10.0,10.0,10.0,8.0,1.0
197,1558041,model 18,2017-11-12 00:00:00,2.0,0.0,0.0,0.0,1.0,0.0,0.0,0.0,0.0,3.0,363.0,775.0,1643.0,1282.0,415.0,5.0,445.0,439.0,4.0,428.0,1.0
198,1612713,model 18,2017-11-12 00:00:00,2.0,0.0,0.0,1.0,0.0,2.0,2.0,2.0,2.0,1.0,3.0,1074.0,370.0,851.0,394.0,771.0,402.0,1134.0,1593.0,1959.0,0.0
199,1625343,model 10,2017-11-12 00:00:00,328.0,325.0,316.0,397.0,340.0,383.0,397.0,450.0,502.0,418.0,1.0,1.0,0.0,1.0,0.0,0.0,0.0,1.0,1.0,2.0,514.0
200,1554481,model 20,2017-11-19 00:00:00,0.0,398.0,1138.0,1057.0,1019.0,1129.0,1104.0,1130.0,1117.0,42.0,0.0,0.0,0.0,0.0,0.0,0.0,0.0,0.0,0.0,0.0,0.0
201,1555490,model 13,2017-11-19 00:00:00,3.0,0.0,3.0,1.0,2.0,0.0,6.0,2.0,1.0,1.0,7.0,9.0,9.0,8.0,10.0,10.0,10.0,10.0,8.0,8.0,2.0
202,1558041,model 18,2017-11-19 00:00:00,0.0,0.0,0.0,1.0,0.0,0.0,0.0,0.0,3.0,1.0,775.0,1643.0,1282.0,415.0,5.0,445.0,439.0,4.0,428.0,844.0,2.0
203,1612713,model 18,2017-11-19 00:00:00,0.0,0.0,1.0,0.0,2.0,2.0,2.0,2.0,1.0,0.0,1074.0,370.0,851.0,394.0,771.0,402.0,1134.0,1593.0,1959.0,395.0,2.0
204,1625343,model 10,2017-11-19 00:00:00,325.0,316.0,397.0,340.0,383.0,397.0,450.0,502.0,418.0,514.0,1.0,0.0,1.0,0.0,0.0,0.0,1.0,1.0,2.0,0.0,416.0
205,1554481,model 20,2017-11-26 00:00:00,398.0,1138.0,1057.0,1019.0,1129.0,1104.0,1130.0,1117.0,42.0,0.0,0.0,0.0,0.0,0.0,0.0,0.0,0.0,0.0,0.0,0.0,0.0
206,1555490,model 13,2017-11-26 00:00:00,0.0,3.0,1.0,2.0,0.0,6.0,2.0,1.0,1.0,2.0,9.0,9.0,8.0,10.0,10.0,10.0,10.0,8.0,8.0,12.0,0.0
207,1558041,model 18,2017-11-26 00:00:00,0.0,0.0,1.0,0.0,0.0,0.0,0.0,3.0,1.0,2.0,1643.0,1282.0,415.0,5.0,445.0,439.0,4.0,428.0,844.0,436.0,18.0
208,1612713,model 18,2017-11-26 00:00:00,0.0,1.0,0.0,2.0,2.0,2.0,2.0,1.0,0.0,2.0,370.0,851.0,394.0,771.0,402.0,1134.0,1593.0,1959.0,395.0,1124.0,4.0
209,1625343,model 10,2017-11-26 00:00:00,316.0,397.0,340.0,383.0,397.0,450.0,502.0,418.0,514.0,416.0,0.0,1.0,0.0,0.0,0.0,1.0,1.0,2.0,0.0,0.0,367.0
210,1554481,model 20,2017-12-03 00:00:00,1138.0,1057.0,1019.0,1129.0,1104.0,1130.0,1117.0,42.0,0.0,0.0,0.0,0.0,0.0,0.0,0.0,0.0,0.0,0.0,0.0,0.0,0.0
211,1555490,model 13,2017-12-03 00:00:00,3.0,1.0,2.0,0.0,6.0,2.0,1.0,1.0,2.0,0.0,9.0,8.0,10.0,10.0,10.0,10.0,8.0,8.0,12.0,4.0,1.0
212,1558041,model 18,2017-12-03 00:00:00,0.0,1.0,0.0,0.0,0.0,0.0,3.0,1.0,2.0,18.0,1282.0,415.0,5.0,445.0,439.0,4.0,428.0,844.0,436.0,818.0,10.0
213,1612713,model 18,2017-12-03 00:00:00,1.0,0.0,2.0,2.0,2.0,2.0,1.0,0.0,2.0,4.0,851.0,394.0,771.0,402.0,1134.0,1593.0,1959.0,395.0,1124.0,778.0,4.0
214,1625343,model 10,2017-12-03 00:00:00,397.0,340.0,383.0,397.0,450.0,502.0,418.0,514.0,416.0,367.0,1.0,0.0,0.0,0.0,1.0,1.0,2.0,0.0,0.0,1.0,303.0
215,1554481,model 20,2017-12-10 00:00:00,1057.0,1019.0,1129.0,1104.0,1130.0,1117.0,42.0,0.0,0.0,0.0,0.0,0.0,0.0,0.0,0.0,0.0,0.0,0.0,0.0,0.0,0.0
216,1555490,model 13,2017-12-10 00:00:00,1.0,2.0,0.0,6.0,2.0,1.0,1.0,2.0,0.0,1.0,8.0,10.0,10.0,10.0,10.0,8.0,8.0,12.0,4.0,9.0,0.0
217,1558041,model 18,2017-12-10 00:00:00,1.0,0.0,0.0,0.0,0.0,3.0,1.0,2.0,18.0,10.0,415.0,5.0,445.0,439.0,4.0,428.0,844.0,436.0,818.0,1178.0,28.0
218,1612713,model 18,2017-12-10 00:00:00,0.0,2.0,2.0,2.0,2.0,1.0,0.0,2.0,4.0,4.0,394.0,771.0,402.0,1134.0,1593.0,1959.0,395.0,1124.0,778.0,340.0,0.0
219,1625343,model 10,2017-12-10 00:00:00,340.0,383.0,397.0,450.0,502.0,418.0,514.0,416.0,367.0,303.0,0.0,0.0,0.0,1.0,1.0,2.0,0.0,0.0,1.0,0.0,276.0
220,1554481,model 20,2017-12-17 00:00:00,1019.0,1129.0,1104.0,1130.0,1117.0,42.0,0.0,0.0,0.0,0.0,0.0,0.0,0.0,0.0,0.0,0.0,0.0,0.0,0.0,0.0,0.0
221,1555490,model 13,2017-12-17 00:00:00,2.0,0.0,6.0,2.0,1.0,1.0,2.0,0.0,1.0,0.0,10.0,10.0,10.0,10.0,8.0,8.0,12.0,4.0,9.0,8.0,2.0
222,1558041,model 18,2017-12-17 00:00:00,0.0,0.0,0.0,0.0,3.0,1.0,2.0,18.0,10.0,28.0,5.0,445.0,439.0,4.0,428.0,844.0,436.0,818.0,1178.0,3.0,33.0
223,1612713,model 18,2017-12-17 00:00:00,2.0,2.0,2.0,2.0,1.0,0.0,2.0,4.0,4.0,0.0,771.0,402.0,1134.0,1593.0,1959.0,395.0,1124.0,778.0,340.0,4.0,0.0
224,1625343,model 10,2017-12-17 00:00:00,383.0,397.0,450.0,502.0,418.0,514.0,416.0,367.0,303.0,276.0,0.0,0.0,1.0,1.0,2.0,0.0,0.0,1.0,0.0,1.0,424.0
225,1554481,model 20,2017-12-24 00:00:00,1129.0,1104.0,1130.0,1117.0,42.0,0.0,0.0,0.0,0.0,0.0,0.0,0.0,0.0,0.0,0.0,0.0,0.0,0.0,0.0,0.0,0.0
226,1555490,model 13,2017-12-24 00:00:00,0.0,6.0,2.0,1.0,1.0,2.0,0.0,1.0,0.0,2.0,10.0,10.0,10.0,8.0,8.0,12.0,4.0,9.0,8.0,11.0,4.0
227,1558041,model 18,2017-12-24 00:00:00,0.0,0.0,0.0,3.0,1.0,2.0,18.0,10.0,28.0,33.0,445.0,439.0,4.0,428.0,844.0,436.0,818.0,1178.0,3.0,1.0,151.0
228,1612713,model 18,2017-12-24 00:00:00,2.0,2.0,2.0,1.0,0.0,2.0,4.0,4.0,0.0,0.0,402.0,1134.0,1593.0,1959.0,395.0,1124.0,778.0,340.0,4.0,1.0,0.0
229,1625343,model 10,2017-12-24 00:00:00,397.0,450.0,502.0,418.0,514.0,416.0,367.0,303.0,276.0,424.0,0.0,1.0,1.0,2.0,0.0,0.0,1.0,0.0,1.0,0.0,451.0
230,1554481,model 20,2017-12-31 00:00:00,1104.0,1130.0,1117.0,42.0,0.0,0.0,0.0,0.0,0.0,0.0,0.0,0.0,0.0,0.0,0.0,0.0,0.0,0.0,0.0,0.0,0.0
231,1555490,model 13,2017-12-31 00:00:00,6.0,2.0,1.0,1.0,2.0,0.0,1.0,0.0,2.0,4.0,10.0,10.0,8.0,8.0,12.0,4.0,9.0,8.0,11.0,9.0,1.0
232,1558041,model 18,2017-12-31 00:00:00,0.0,0.0,3.0,1.0,2.0,18.0,10.0,28.0,33.0,151.0,439.0,4.0,428.0,844.0,436.0,818.0,1178.0,3.0,1.0,1183.0,8.0
233,1612713,model 18,2017-12-31 00:00:00,2.0,2.0,1.0,0.0,2.0,4.0,4.0,0.0,0.0,0.0,1134.0,1593.0,1959.0,395.0,1124.0,778.0,340.0,4.0,1.0,929.0,0.0
234,1625343,model 10,2017-12-31 00:00:00,450.0,502.0,418.0,514.0,416.0,367.0,303.0,276.0,424.0,451.0,1.0,1.0,2.0,0.0,0.0,1.0,0.0,1.0,0.0,0.0,418.0
235,1554481,model 20,2018-01-07 00:00:00,1130.0,1117.0,42.0,0.0,0.0,0.0,0.0,0.0,0.0,0.0,0.0,0.0,0.0,0.0,0.0,0.0,0.0,0.0,0.0,0.0,0.0
236,1555490,model 13,2018-01-07 00:00:00,2.0,1.0,1.0,2.0,0.0,1.0,0.0,2.0,4.0,1.0,10.0,8.0,8.0,12.0,4.0,9.0,8.0,11.0,9.0,16.0,0.0
237,1558041,model 18,2018-01-07 00:00:00,0.0,3.0,1.0,2.0,18.0,10.0,28.0,33.0,151.0,8.0,4.0,428.0,844.0,436.0,818.0,1178.0,3.0,1.0,1183.0,826.0,44.0
238,1612713,model 18,2018-01-07 00:00:00,2.0,1.0,0.0,2.0,4.0,4.0,0.0,0.0,0.0,0.0,1593.0,1959.0,395.0,1124.0,778.0,340.0,4.0,1.0,929.0,365.0,0.0
239,1625343,model 10,2018-01-07 00:00:00,502.0,418.0,514.0,416.0,367.0,303.0,276.0,424.0,451.0,418.0,1.0,2.0,0.0,0.0,1.0,0.0,1.0,0.0,0.0,2.0,492.0
240,1554481,model 20,2018-01-14 00:00:00,1117.0,42.0,0.0,0.0,0.0,0.0,0.0,0.0,0.0,0.0,0.0,0.0,0.0,0.0,0.0,0.0,0.0,0.0,0.0,0.0,0.0
241,1555490,model 13,2018-01-14 00:00:00,1.0,1.0,2.0,0.0,1.0,0.0,2.0,4.0,1.0,0.0,8.0,8.0,12.0,4.0,9.0,8.0,11.0,9.0,16.0,12.0,1.0
242,1558041,model 18,2018-01-14 00:00:00,3.0,1.0,2.0,18.0,10.0,28.0,33.0,151.0,8.0,44.0,428.0,844.0,436.0,818.0,1178.0,3.0,1.0,1183.0,826.0,188.0,0.0
243,1612713,model 18,2018-01-14 00:00:00,1.0,0.0,2.0,4.0,4.0,0.0,0.0,0.0,0.0,0.0,1959.0,395.0,1124.0,778.0,340.0,4.0,1.0,929.0,365.0,435.0,0.0
244,1625343,model 10,2018-01-14 00:00:00,418.0,514.0,416.0,367.0,303.0,276.0,424.0,451.0,418.0,492.0,2.0,0.0,0.0,1.0,0.0,1.0,0.0,0.0,2.0,2.0,192.0
245,1554481,model 20,2018-01-21 00:00:00,42.0,0.0,0.0,0.0,0.0,0.0,0.0,0.0,0.0,0.0,0.0,0.0,0.0,0.0,0.0,0.0,0.0,0.0,0.0,0.0,0.0
246,1555490,model 13,2018-01-21 00:00:00,1.0,2.0,0.0,1.0,0.0,2.0,4.0,1.0,0.0,1.0,8.0,12.0,4.0,9.0,8.0,11.0,9.0,16.0,12.0,3.0,2.0
247,1558041,model 18,2018-01-21 00:00:00,1.0,2.0,18.0,10.0,28.0,33.0,151.0,8.0,44.0,0.0,844.0,436.0,818.0,1178.0,3.0,1.0,1183.0,826.0,188.0,178.0,21.0
248,1612713,model 18,2018-01-21 00:00:00,0.0,2.0,4.0,4.0,0.0,0.0,0.0,0.0,0.0,0.0,395.0,1124.0,778.0,340.0,4.0,1.0,929.0,365.0,435.0,51.0,0.0
249,1625343,model 10,2018-01-21 00:00:00,514.0,416.0,367.0,303.0,276.0,424.0,451.0,418.0,492.0,192.0,0.0,0.0,1.0,0.0,1.0,0.0,0.0,2.0,2.0,1.0,246.0
250,1554481,model 20,2018-01-28 00:00:00,0.0,0.0,0.0,0.0,0.0,0.0,0.0,0.0,0.0,0.0,0.0,0.0,0.0,0.0,0.0,0.0,0.0,0.0,0.0,0.0,0.0
251,1555490,model 13,2018-01-28 00:00:00,2.0,0.0,1.0,0.0,2.0,4.0,1.0,0.0,1.0,2.0,12.0,4.0,9.0,8.0,11.0,9.0,16.0,12.0,3.0,2.0,0.0
252,1558041,model 18,2018-01-28 00:00:00,2.0,18.0,10.0,28.0,33.0,151.0,8.0,44.0,0.0,21.0,436.0,818.0,1178.0,3.0,1.0,1183.0,826.0,188.0,178.0,131.0,1.0
253,1612713,model 18,2018-01-28 00:00:00,2.0,4.0,4.0,0.0,0.0,0.0,0.0,0.0,0.0,0.0,1124.0,778.0,340.0,4.0,1.0,929.0,365.0,435.0,51.0,0.0,0.0
254,1625343,model 10,2018-01-28 00:00:00,416.0,367.0,303.0,276.0,424.0,451.0,418.0,492.0,192.0,246.0,0.0,1.0,0.0,1.0,0.0,0.0,2.0,2.0,1.0,1.0,106.0
255,1554481,model 20,2018-02-04 00:00:00,0.0,0.0,0.0,0.0,0.0,0.0,0.0,0.0,0.0,0.0,0.0,0.0,0.0,0.0,0.0,0.0,0.0,0.0,0.0,0.0,0.0
256,1555490,model 13,2018-02-04 00:00:00,0.0,1.0,0.0,2.0,4.0,1.0,0.0,1.0,2.0,0.0,4.0,9.0,8.0,11.0,9.0,16.0,12.0,3.0,2.0,3.0,0.0
257,1558041,model 18,2018-02-04 00:00:00,18.0,10.0,28.0,33.0,151.0,8.0,44.0,0.0,21.0,1.0,818.0,1178.0,3.0,1.0,1183.0,826.0,188.0,178.0,131.0,48.0,0.0
258,1612713,model 18,2018-02-04 00:00:00,4.0,4.0,0.0,0.0,0.0,0.0,0.0,0.0,0.0,0.0,778.0,340.0,4.0,1.0,929.0,365.0,435.0,51.0,0.0,57.0,0.0
259,1625343,model 10,2018-02-04 00:00:00,367.0,303.0,276.0,424.0,451.0,418.0,492.0,192.0,246.0,106.0,1.0,0.0,1.0,0.0,0.0,2.0,2.0,1.0,1.0,0.0,0.0
260,1554481,model 20,2018-02-11 00:00:00,0.0,0.0,0.0,0.0,0.0,0.0,0.0,0.0,0.0,0.0,0.0,0.0,0.0,0.0,0.0,0.0,0.0,0.0,0.0,0.0,0.0
261,1555490,model 13,2018-02-11 00:00:00,1.0,0.0,2.0,4.0,1.0,0.0,1.0,2.0,0.0,0.0,9.0,8.0,11.0,9.0,16.0,12.0,3.0,2.0,3.0,0.0,0.0
262,1558041,model 18,2018-02-11 00:00:00,10.0,28.0,33.0,151.0,8.0,44.0,0.0,21.0,1.0,0.0,1178.0,3.0,1.0,1183.0,826.0,188.0,178.0,131.0,48.0,167.0,29.0
263,1612713,model 18,2018-02-11 00:00:00,4.0,0.0,0.0,0.0,0.0,0.0,0.0,0.0,0.0,0.0,340.0,4.0,1.0,929.0,365.0,435.0,51.0,0.0,57.0,37.0,0.0
264,1625343,model 10,2018-02-11 00:00:00,303.0,276.0,424.0,451.0,418.0,492.0,192.0,246.0,106.0,0.0,0.0,1.0,0.0,0.0,2.0,2.0,1.0,1.0,0.0,0.0,0.0
